Country Code,Country Name,Total Count
US,US — United States,"101,793,198"
IN,IN — India,"30,515,112"
BR,BR — Brazil,"19,044,613"
GB,GB — United Kingdom,"13,773,096"
ID,ID — Indonesia,"13,235,384"
CA,CA — Canada,"8,562,026"
(unknown),Unknown country,"7,324,356"
MX,MX — Mexico,"6,276,911"
AU,AU — Australia,"5,074,247"
PH,PH — Philippines,"3,441,324"
AR,AR — Argentina,"3,851,440"
CO,CO — Colombia,"3,996,883"
ZA,ZA — South Africa,"2,560,557"
MY,MY — Malaysia,"2,319,376"
TR,TR — Turkey,"1,701,587"
PK,PK — Pakistan,"2,311,897"
PE,PE — Peru,"2,089,586"
CL,CL — Chile,"2,705,369"
SA,SA — Saudi Arabia,"1,964,651"
EG,EG — Egypt,"1,453,671"
AE,AE — United Arab Emirates,"2,058,936"
NG,NG — Nigeria,"1,867,555"
CN,CN — China,"2,291,413"
VN,VN — Vietnam,"1,797,383"
TH,TH — Thailand,"1,256,942"
RU,RU — Russia,"1,827,130"
SG,SG — Singapore,"1,338,711"
VE,VE — Venezuela,"1,367,353"
EC,EC — Ecuador,"1,052,967"
MA,MA — Morocco,"798,207"
KR,KR — South Korea,"966,459"
NZ,NZ — New Zealand,"947,182"
BD,BD — Bangladesh,"850,552"
KE,KE — Kenya,"829,681"
IR,IR — Iran,"800,481"
TW,TW — Taiwan,"930,082"
HK,HK — Hong Kong,"747,536"
DZ,DZ — Algeria,"525,178"
JP,JP — Japan,"879,761"
UA,UA — Ukraine,"799,333"
IL,IL — Israel,"985,304"
DO,DO — Dominican Republic,"467,735"
CR,CR — Costa Rica,"542,472"
GH,GH — Ghana,"439,802"
LK,LK — Sri Lanka,"424,027"
RS,RS — Serbia,"398,384"
TN,TN — Tunisia,"350,745"
BO,BO — Bolivia,"315,961"
GT,GT — Guatemala,"355,534"
UY,UY — Uruguay,"378,218"
PR,PR — Puerto Rico,"394,230"
QA,QA — Qatar,"357,670"
IQ,IQ — Iraq,"210,711"
NP,NP — Nepal,"239,713"
PA,PA — Panama,"294,274"
TZ,TZ — Tanzania,"230,537"
JO,JO — Jordan,"278,026"
LB,LB — Lebanon,"257,628"
JM,JM — Jamaica,"218,253"
UG,UG — Uganda,"219,507"
KW,KW — Kuwait,"276,063"
CM,CM — Cameroon,"180,624"
KZ,KZ — Kazakhstan,"200,476"
PY,PY — Paraguay,"208,671"
OM,OM — Oman,"201,184"
GE,GE — Georgia,"158,130"
ET,ET — Ethiopia,"129,114"
AZ,AZ — Azerbaijan,"111,031"
MZ,MZ — Mozambique,"116,658"
BY,BY — Belarus,"153,626"
MM,MM — Myanmar,"103,426"
KH,KH — Cambodia,"105,077"
ZM,ZM — Zambia,"126,325"
BH,BH — Bahrain,"155,576"
ZW,ZW — Zimbabwe,"146,957"
BA,BA — Bosnia and Herzegovina,"99,287"
SD,SD — Sudan,"93,351"
AL,AL — Albania,"103,501"
UZ,UZ — Uzbekistan,"58,062"
MD,MD — Moldova,"72,087"
SY,SY — Syria,"92,925"
AM,AM — Armenia,"61,705"
AF,AF — Afghanistan,"62,550"
LY,LY — Libya,"64,344"
MN,MN — Mongolia,"67,421"
YE,YE — Yemen,"59,420"
ES,ES — Spain,"40,890"
CU,CU — Cuba,"29,121"
ME,ME — Montenegro,"35,994"
MO,MO — Macao,"34,008"
IT,IT — Italy,"20,028"
DE,DE — Germany,"14,013"
FR,FR — France,"16,927"
NL,NL — Netherlands,"9,851"
PL,PL — Poland,"4,892"
PT,PT — Portugal,"7,796"
DK,DK — Denmark,"5,607"
CH,CH — Switzerland,"5,382"
SE,SE — Sweden,"4,850"
RO,RO — Romania,"3,042"
BE,BE — Belgium,"4,071"
IE,IE — Ireland,"4,472"
FI,FI — Finland,"2,808"
NO,NO — Norway,"3,226"
PS,PS — Palestine,"2,779"
CZ,CZ — Czechia,"2,032"
AT,AT — Austria,"1,784"
HU,HU — Hungary,"1,595"
GR,GR — Greece,"2,259"
BG,BG — Bulgaria,911
KP,KP,703
SK,SK — Slovakia,705
LT,LT — Lithuania,969
HR,HR — Croatia,646
LU,LU — Luxembourg,535
CY,CY — Cyprus,499
EE,EE — Estonia,498
MT,MT — Malta,380
SI,SI — Slovenia,397
LV,LV — Latvia,370
IS,IS — Iceland,167