"px-3","px-3 2"
"US — United States","69,470,576"
"IN — India","18,475,638"
"BR — Brazil","11,125,153"
"GB — United Kingdom","9,759,255"
"CA — Canada","6,036,958"
"ID — Indonesia","4,355,497"
"MX — Mexico","3,637,401"
"AU — Australia","3,291,326"
"AR — Argentina","2,433,241"
"CO — Colombia","2,289,565"
"TR — Turkey","2,262,450"
"PH — Philippines","1,965,037"
"ZA — South Africa","1,796,881"
"CL — Chile","1,736,255"
"CN — China","1,722,998"
"MY — Malaysia","1,417,291"
"PK — Pakistan","1,414,521"
"AE — United Arab Emirates","1,336,992"
"PE — Peru","1,228,251"
"RU — Russia","1,203,167"
"SA — Saudi Arabia","1,126,517"
"NG — Nigeria","1,098,611"
"VN — Vietnam","893,621"
"SG — Singapore","875,934"
"EG — Egypt","855,738"
"VE — Venezuela","828,842"
"TH — Thailand","724,759"
"IL — Israel","699,773"
"JP — Japan","645,514"
"NZ — New Zealand","638,055"
"KR — South Korea","627,208"
"TW — Taiwan","580,819"
"EC — Ecuador","578,675"
"KE — Kenya","519,007"
"HK — Hong Kong","518,203"
"MA — Morocco","494,058"
"BD — Bangladesh","479,663"
"UA — Ukraine","477,755"
"IR — Iran","477,113"
"DZ — Algeria","346,398"
"CR — Costa Rica","292,850"
"GH — Ghana","292,116"
"DO — Dominican Republic","278,538"
"LK — Sri Lanka","271,350"
"TN — Tunisia","261,679"
"RS — Serbia","261,462"
"PR — Puerto Rico","245,677"
"UY — Uruguay","238,456"
"QA — Qatar","234,127"
"GT — Guatemala","216,536"
"SN — Senegal","205,991"
"LB — Lebanon","185,006"
"JO — Jordan","184,714"
"KW — Kuwait","182,392"
"PA — Panama","182,373"
"BO — Bolivia","176,464"
"UG — Uganda","152,398"
"CI — Côte d'Ivoire","148,196"
"NP — Nepal","142,427"
"TZ — Tanzania","139,620"
"SV — El Salvador","136,882"
"JM — Jamaica","135,414"
"CM — Cameroon","134,634"
"OM — Oman","132,475"
"KZ — Kazakhstan","128,271"
"TT — Trinidad and Tobago","119,669"
"PY — Paraguay","119,093"
"IQ — Iraq","118,632"
"ZW — Zimbabwe","102,404"
"HN — Honduras","102,380"
"BH — Bahrain","102,188"
"GE — Georgia","89,446"
"AO — Angola","87,272"
"ET — Ethiopia","84,811"
"BY — Belarus","84,072"
"ZM — Zambia","83,720"
"NI","81,629"
"MK — North Macedonia","77,540"
"AL — Albania","69,882"
"MZ — Mozambique","68,150"
"KH — Cambodia","67,517"
"MU — Mauritius","67,299"
"SY — Syria","66,439"
"BA — Bosnia and Herzegovina","65,429"
"AZ — Azerbaijan","63,554"
"MM — Myanmar","56,463"
"BW — Botswana","55,915"
"SD — Sudan","54,932"
"CD — Democratic Republic of the Congo","54,036"
"NA — Namibia","51,033"
"MD — Moldova","47,095"
"BJ — Benin","45,244"
"AF — Afghanistan","43,245"
"BF — Burkina Faso","42,248"
"BS — Bahamas","42,229"
"AM — Armenia","41,797"
"RW — Rwanda","41,449"
"LY — Libya","39,927"
"HT — Haiti","39,255"
"MG — Madagascar","38,448"
"YE — Yemen","36,446"
"MW — Malawi","34,846"
"UZ — Uzbekistan","34,330"
"MN — Mongolia","33,778"
"ML — Mali","33,724"
"BB — Barbados","30,908"
"TG — Togo","29,714"
"FJ — Fiji","28,953"
"PG — Papua New Guinea","26,566"
"MV — Maldives","26,075"
"GA — Gabon","23,815"
"MO — Macao","22,051"
"BN — Brunei","21,718"
"CW — Curaçao","21,277"
"ME — Montenegro","20,482"
"KG — Kyrgyzstan","18,124"
"CG — Congo","18,119"
"GY — Guyana","17,856"
"CU — Cuba","17,195"
"GN — Guinea","16,247"
"SR — Suriname","16,202"
"GU — Guam","16,180"
"LR — Liberia","15,633"
"BM — Bermuda","15,491"
"NE — Niger","15,340"
"BZ — Belize","15,092"
"XK — Kosovo","14,792"
"VI — U.S. Virgin Islands","14,277"
"SL — Sierra Leone","14,204"
"KY — Cayman Islands","13,917"
"IT — Italy","13,784"
"FR — France","13,627"
"AW — Aruba","13,430"
"GM — Gambia","13,252"
"LS — Lesotho","13,197"
"JE","13,112"
"MR — Mauritania","13,082"
"AD — Andorra","12,774"
"LA — Laos","12,568"
"LC — Saint Lucia","12,453"
"AG — Antigua and Barbuda","12,300"
"NC — New Caledonia","12,088"
"SZ — Eswatini","12,057"
"CV — Cabo Verde","11,909"
"MC — Monaco","11,791"
"PF — French Polynesia","11,678"
"SO — Somalia","11,445"
"BT — Bhutan","11,211"
"ES — Spain","11,169"
"DE — Germany","9,566"
"BI — Burundi","8,884"
"DJ — Djibouti","8,132"
"IM — Isle of Man","8,081"
"GD","7,706"
"NL — Netherlands","7,547"
"GG","7,436"
"TD — Chad","7,102"
"GI — Gibraltar","6,920"
"SC — Seychelles","6,436"
"VC — Saint Vincent and the Grenadines","6,329"
"TJ — Tajikistan","6,089"
"KN — Saint Kitts and Nevis","5,195"
"TC","4,983"
"FO — Faroe Islands","4,796"
"DM — Dominica","4,766"
"VG","4,752"
"AS","4,684"
"CF — Central African Republic","4,438"
"GQ — Equatorial Guinea","4,393"
"TL — Timor-Leste","4,357"
"DK — Denmark","4,308"
"TM — Turkmenistan","4,236"
"PT — Portugal","4,103"
"SS — South Sudan","4,103"
"MP","3,781"
"GL — Greenland","3,671"
"SE — Sweden","3,507"
"CH — Switzerland","3,322"
"PL — Poland","3,299"
"SB — Solomon Islands","3,112"
"VU — Vanuatu","2,966"
"IE — Ireland","2,885"
"BE — Belgium","2,843"
"SM — San Marino","2,839"
"KM — Comoros","2,787"
"AI","2,629"
"WS — Samoa","2,506"
"NO — Norway","2,401"
"RO — Romania","2,350"
"TO — Tonga","2,317"
"FM — Micronesia","2,304"
"GW — Guinea-Bissau","2,205"
"FI — Finland","2,147"
"AQ","1,945"
"KI — Kiribati","1,883"
"MH — Marshall Islands","1,756"
"GR — Greece","1,587"
"PS — Palestine","1,580"
"ER — Eritrea","1,561"
"CZ — Czechia","1,512"
"ST — Sao Tome and Principe","1,467"
"PW — Palau","1,386"
"CK","1,318"
"GP","1,281"
"AT — Austria","1,241"
"HU — Hungary","1,138"
"SX","1,104"
"IS — Iceland","1,006"
"VA","995"
"IO","855"
"BQ","780"
"TV — Tuvalu","700"
"BG — Bulgaria","689"
"LT — Lithuania","664"
"MS","647"
"FK","598"
"PM","570"
"SH","489"
"WF","482"
"HR — Croatia","478"
"SK — Slovakia","474"
"KP — North Korea","472"
"CX","464"
"NR — Nauru","450"
"LU — Luxembourg","412"
"NU","369"
"NF","340"
"TF","336"
"EE — Estonia","328"
"CY — Cyprus","316"
"SJ","290"
"SI — Slovenia","286"
"CC","269"
"UM","262"
"PN","255"
"MT — Malta","248"
"LV — Latvia","246"
"TK","238"
"GS","187"
"HM","102"
"BV","76"
"MQ","42"
"GF — French Guiana","27"
"RE — Réunion","16"
"LI — Liechtenstein","13"
"AX","5"
"BL","4"
"MF","1"
"YT","1"